key,status,claimed_title,found_title,title_similarity,claimed_year,found_year,first_author_match,doi,container
adhikari2021,verified,Status of springs in mountain watershed of western Nepal,Status of springs in mountain watershed of western Nepal,1.0,2021,2021,True,10.2166/wp.2020.187,Water Policy
agrawal2023,verified (manual): publisher page (dandc.eu): title and both authors confirmed,Save the Himalayan springs,,,2023,,,,Development and Cooperation (D+C)
andermann2012,verified,Impact of transient groundwater storage on the discharge of Himalayan rivers,Impact of transient groundwater storage on the discharge of Himalayan rivers,1.0,2012,2012,True,10.1038/ngeo1356,Nature Geoscience
alfugara2020,verified,A comparison of machine learning models for the mapping of groundwater spring potential,A comparison of machine learning models for the mapping of groundwater spring potential,1.0,2020,2020,True,10.1007/s12665-020-08944-1,Environmental Earth Sciences
bosmans2017,verified,Hydrological impacts of global land cover change and human water use,Hydrological impacts of global land cover change and human water use,1.0,2017,2017,True,10.5194/hess-21-5603-2017,Hydrology and Earth System Sciences
breiman2001,verified,Random forests,Random Forests,1.0,2001,2001,True,10.1023/a:1010933404324,Machine Learning
broxton2009,verified,On the role of aspect to quantify water transit times in small mountainous catchments,On the role of aspect to quantify water transit times in small mountainous catchments,1.0,2009,2009,True,10.1029/2008wr007438,Water Resources Research
chawla2002,verified,SMOTE: Synthetic Minority Over-sampling Technique,SMOTE: Synthetic Minority Over-sampling Technique,1.0,2002,2002,True,10.1613/jair.953,Journal of Artificial Intelligence Research
chinnasamy2016,verified,Methods to investigate the hydrology of the Himalayan springs: a review,Methods to investigate the hydrology of the Himalayan springs: a review,1.0,2016,2016,True,10.5337/2016.205,
condon2015,verified,Evaluating the relationship between topography and groundwater using outputs from a continental-scale integrated hydrology model,Evaluating the relationship between topography and groundwater using outputs from a continental‐scale integrated hydrology model,0.996,2015,2015,True,10.1002/2014wr016774,Water Resources Research
doctor2008,verified,"Bedrock structural controls on the occurrence of sinkholes and springs in the Northern Great Valley Karst, Virginia and West Virginia","Bedrock Structural Controls on the Occurrence of Sinkholes and Springs in the Northern Great Valley Karst, Virginia and West Virginia",1.0,2008,2008,True,10.1061/41003(327)2,Sinkholes and the Engineering and Environmental Impacts of Karst
dormann2013,verified,Collinearity: a review of methods to deal with it and a simulation study evaluating their performance,Collinearity: a review of methods to deal with it and a simulation study evaluating their performance,1.0,2013,2013,True,10.1111/j.1600-0587.2012.07348.x,Ecography
dreiss1983,verified,Linear unit-response functions as indicators of recharge areas for large karst springs,Linear unit-response functions as indicators of recharge areas for large karst springs,1.0,1983,1983,True,10.1016/0022-1694(83)90233-0,Journal of Hydrology
dutton2005,verified,Simulated effect of a forest road on near-surface hydrologic response and slope stability,Simulated effect of a forest road on near‐surface hydrologic response and slope stability,0.994,2005,2005,True,10.1002/esp.1144,Earth Surface Processes and Landforms
farr2000,verified,Shuttle radar topography mission produces a wealth of data,Shuttle radar topography mission produces a wealth of data,1.0,2000,2000,True,10.1029/eo081i048p00583,"Eos, Transactions American Geophysical Union"
forster1988,verified,Groundwater flow systems in mountainous terrain: 2. Controlling factors,Groundwater flow systems in mountainous terrain: 2. Controlling factors,1.0,1988,1988,True,10.1029/wr024i007p01011,Water Resources Research
forsythe2021,verified,The climatic water balance captures evolving water resources pressures on the margins of the Himalaya,The climatic water balance captures evolving water resources pressures on the margins of the Himalaya,1.0,2021,2021,True,10.1002/essoar.10509789.1,
granata2018,verified,Machine learning models for spring discharge forecasting,Machine Learning Models for Spring Discharge Forecasting,1.0,2018,2018,True,10.1155/2018/8328167,Geofluids
gutierrez2013,verified,On the observed ecohydrologic dynamics of a semiarid basin with aspect-delimited ecosystems,On the observed ecohydrologic dynamics of a semiarid basin with aspect-delimited ecosystems,1.0,2013,2013,True,10.1002/2013wr014364,Water Resources Research
hersbach2020,verified,The ERA5 global reanalysis,The ERA5 global reanalysis,1.0,2020,2020,True,10.1002/qj.3803,Quarterly Journal of the Royal Meteorological Society
he2009,verified,Learning from imbalanced data,Learning from Imbalanced Data,1.0,2009,2009,True,10.1109/tkde.2008.239,IEEE Transactions on Knowledge and Data Engineering
icimod2009,verified,Local responses to too much and too little water in the Greater Himalayan Region,Local Responses to Too Much and Too Little Water in the Greater Himalayan Region,1.0,2009,2009,True,10.53055/icimod.509,
jayawickreme2007,verified,Evaluating the influence of land cover on seasonal water budgets using Next Generation Radar (NEXRAD) rainfall and streamflow data,Evaluating the influence of land cover on seasonal water budgets using Next Generation Radar (NEXRAD) rainfall and streamflow data,1.0,2007,2007,True,10.1029/2005wr004460,Water Resources Research
kaufman2011,verified,"Leakage in data mining: formulation, detection, and avoidance","Leakage in data mining: formulation, detection, and avoidance",1.0,2011,2011,True,10.1145/2020408.2020496,Proceedings of the 17th ACM SIGKDD international conference on Knowledge discovery and data mining
mann1945,verified,Nonparametric tests against trend,Nonparametric Tests Against Trend,1.0,1945,1945,True,10.2307/1907187,Econometrica
montgomery1994,verified,"Road surface drainage, channel initiation, and slope instability","Road surface drainage, channel initiation, and slope instability",1.0,1994,1994,True,10.1029/94wr00538,Water Resources Research
munozsabater2021,verified,ERA5-Land: a state-of-the-art global reanalysis dataset for land applications,ERA5-Land: a state-of-the-art global reanalysis dataset for land applications,1.0,2021,2021,True,10.5194/essd-13-4349-2021,Earth System Science Data
nepal2021,verified,Achieving water security in Nepal through unravelling the water-energy-agriculture nexus,Achieving water security in Nepal through unravelling the water-energy-agriculture nexus,1.0,2021,2021,True,10.1080/07900627.2019.1694867,International Journal of Water Resources Development
pandit2024,verified,Depleting spring sources in the Himalayas: Environmental drivers or just perception?,Depleting spring sources in the Himalayas: Environmental drivers or just perception?,1.0,2024,2024,True,10.1016/j.ejrh.2024.101752,Journal of Hydrology: Regional Studies
pandit2026,verified,"Community-driven assessment of springs and ponds: Status, dependency, and utilization in Kavre district, central Nepal","Community-driven assessment of springs and ponds: Status, dependency, and utilization in Kavre district, central Nepal",1.0,2026,2026,True,10.1016/j.envc.2025.101394,Environmental Challenges
pant2026,verified,"Understanding the influence of landcover on spring dynamics and evaporation, in Himalayan region, using stable isotope and discharge","Understanding the influence of landcover on spring dynamics and evaporation, in Himalayan region, using stable isotope and discharge",1.0,2026,2026,True,10.1016/j.scitotenv.2025.181215,Science of The Total Environment
poudel2017,verified,"Vanishing springs in Nepalese mountains: assessment of water sources, farmers' perceptions, and climate change adaptation","Vanishing Springs in Nepalese Mountains: Assessment of Water Sources, Farmers' Perceptions, and Climate Change Adaptation",1.0,2017,2017,True,10.1659/mrd-journal-d-16-00039.1,Mountain Research and Development
ra2018,verified,"Lineament control on spring characteristics at central West Progo Hills, Indonesia","LINEAMENT CONTROL ON SPRING CHARACTERISTICS AT CENTRAL WEST PROGO HILLS, INDONESIA",1.0,2018,2018,True,10.21660/2018.46.70127,International Journal of GEOMATE
rawat2009,"UNVERIFIED - not cited: no publisher, DOI or URL found - NOT cited",Saving the Himalayan rivers: developing spring sanctuaries in headwater regions,,,2009,,,,
roberts2017,verified,"Cross-validation strategies for data with temporal, spatial, hierarchical, or phylogenetic structure","Cross‐validation strategies for data with temporal, spatial, hierarchical, or phylogenetic structure",0.995,2017,2017,True,10.1111/ecog.02881,Ecography
saito2015,verified,The precision-recall plot is more informative than the ROC plot when evaluating binary classifiers on imbalanced datasets,The Precision-Recall Plot Is More Informative than the ROC Plot When Evaluating Binary Classifiers on Imbalanced Datasets,1.0,2015,2015,True,10.1371/journal.pone.0118432,PLOS ONE
sen1968,verified,Estimates of the regression coefficient based on Kendall's tau,Estimates of the Regression Coefficient Based on Kendall's Tau,1.0,1968,1968,True,10.1080/01621459.1968.10480934,Journal of the American Statistical Association
sharma2019,verified,"Conserving springs as climate change adaptation action: lessons from Chibo-Pashyor Watershed, Teesta River Basin, Kalimpong, West Bengal, India","Conserving Springs as Climate Change Adaptation Action: Lessons From Chibo-Pashyor Watershed, Teesta River Basin, Kalimpong, West Bengal, India; ICIMOD Working Paper 2019/2",0.911,2019,2019,True,10.53055/icimod.751,
spangler2001,UNVERIFIED - not cited: USGS WRI 01-4011 volume exists but the paper could not be confirmed - NOT cited,"Delineation of recharge areas for karst springs in Logan Canyon, Bear River Range, northern Utah",,,2001,,,,"U.S. Geological Survey Karst Interest Group Proceedings, Water-Resources Investigations Report 01-4011"
tambe2012,verified,Reviving dying springs: climate change adaptation experiments from the Sikkim Himalaya,Reviving Dying Springs: Climate Change Adaptation Experiments From the Sikkim Himalaya,1.0,2012,2012,True,10.1659/mrd-journal-d-11-00079.1,Mountain Research and Development
thapa2023,verified,"Drying of springs in the Himalayan region of Nepal: perspectives of local government leaders on causes, consequences, and conservation efforts","Drying of Springs in the Himalayan Region of Nepal: Perspectives of Local Government Leaders on Causes, Consequences, and Conservation Efforts",1.0,2023,2023,True,10.1659/mrd.2023.00007,Mountain Research and Development
thrasher2022,verified,"NASA Global Daily Downscaled Projections, CMIP6","NASA Global Daily Downscaled Projections, CMIP6",1.0,2022,2022,True,10.1038/s41597-022-01393-4,Scientific Data
upadhyaya2024,verified,Groundwater Potential Mapping in Central Hills of Nepal: A Comparative Study of Conventional and Modified Frequency Ratio Methods,Groundwater Potential Mapping in Central Hills of Nepal: A Comparative Study of Conventional and Modified Frequency Ratio Methods,1.0,2024,2024,True,10.3126/jngs.v67i1.74580,Journal of Nepal Geological Society
yang2011,verified,SRTM DEM and its application advances,SRTM DEM and its application advances,1.0,2011,2011,True,10.1080/01431161003786016,International Journal of Remote Sensing
zandbergen2009,verified,Geocoding quality and implications for spatial analysis,Geocoding Quality and Implications for Spatial Analysis,1.0,2009,2009,True,10.1111/j.1749-8198.2008.00205.x,Geography Compass
chapagain2019,verified,Status of natural springs in the Melamchi region of the Nepal Himalayas in the context of climate change,Status of natural springs in the Melamchi region of the Nepal Himalayas in the context of climate change,1.0,2019,2019,True,10.1007/s10668-017-0036-4,"Environment, Development and Sustainability"
barfal2022,verified,Response of water springs towards an earthquake: a case study from Sikkim Himalaya,Response of water springs towards an earthquake: A case study from Sikkim Himalaya,1.0,2022,2022,True,10.1016/j.jappgeo.2022.104792,Journal of Applied Geophysics
chauhan2023,verified,The degradation of spring water resources in Nepal: some policy gaps,The degradation of spring water resources in Nepal: some policy gaps,1.0,2023,2023,True,10.2166/wp.2023.159,Water Policy
thapa2025,verified,"Citizen science approach for springshed management: A comprehensive community-driven mapping and dataset of spring sources in Kavre, Nepal","Citizen science approach for springshed management: A comprehensive community-driven mapping and dataset of spring sources in Kavre, Nepal",1.0,2025,2025,True,10.1016/j.dib.2025.111466,Data in Brief
khadka2022,verified,"Evaluation of ERA5-Land and HARv2 reanalysis data at high elevation in the upper Dudh Koshi basin (Everest region, Nepal)","Evaluation of ERA5-Land and HARv2 Reanalysis Data at High Elevation in the Upper Dudh Koshi Basin (Everest Region, Nepal)",1.0,2022,2022,True,10.1175/jamc-d-21-0091.1,Journal of Applied Meteorology and Climatology
lavers2022,verified,An evaluation of ERA5 precipitation for climate monitoring,An evaluation of ERA5 precipitation for climate monitoring,1.0,2022,2022,True,10.1002/qj.4351,Quarterly Journal of the Royal Meteorological Society
ishikawa2025,verified,"Machine-learning-based spatial analysis of the spring states in the southernmost Eurasian permafrost, Hangai Mountains, central Mongolia","Machine-learning-based spatial analysis of the spring states in the southernmost Eurasian permafrost, Hangai Mountains, central Mongolia",1.0,2025,2025,True,10.1186/s40645-025-00720-8,Progress in Earth and Planetary Science
niraula2021,verified,Spatial prediction of spring locations in data poor region of Central Himalayas,Spatial prediction of spring locations in data poor region of Central Himalayas,1.0,2021,2021,True,10.2166/nh.2020.223,Hydrology Research
pradhan2025,verified,Unveiling groundwater potential zones in the hilly region of central Nepal using logistic regression and random forest modeling,Unveiling groundwater potential zones in the hilly region of central Nepal using logistic regression and random forest modeling,1.0,2025,2025,True,10.1007/s10040-025-02932-0,Hydrogeology Journal
naghibi2015,verified,"GIS-based groundwater potential mapping using boosted regression tree, classification and regression tree, and random forest machine learning models in Iran","GIS-based groundwater potential mapping using boosted regression tree, classification and regression tree, and random forest machine learning models in Iran",1.0,2015,2016,True,10.1007/s10661-015-5049-6,Environmental Monitoring and Assessment
alshabeeb2023,verified,Spatial mapping of water spring potential using four data mining models,Spatial mapping of water spring potential using four data mining models,1.0,2023,2023,True,10.2166/ws.2023.087,Water Supply
guo2023,verified,"Critical role of climate factors for groundwater potential mapping in arid regions: Insights from random forest, XGBoost, and LightGBM algorithms","Critical role of climate factors for groundwater potential mapping in arid regions: Insights from random forest, XGBoost, and LightGBM algorithms",1.0,2023,2023,True,10.1016/j.jhydrol.2023.129599,Journal of Hydrology
strobl2007,verified,"Bias in random forest variable importance measures: Illustrations, sources and a solution","Bias in random forest variable importance measures: Illustrations, sources and a solution",1.0,2007,2007,True,10.1186/1471-2105-8-25,BMC Bioinformatics
koldasbayeva2025,verified,Foundation for unbiased cross-validation of spatio-temporal models for species distribution modeling,Foundation for unbiased cross-validation of spatio-temporal models for Species Distribution Modeling,1.0,2025,2025,True,10.1016/j.ecoinf.2025.103521,Ecological Informatics
wenger2012,verified,Assessing transferability of ecological models: an underappreciated aspect of statistical validation,Assessing transferability of ecological models: an underappreciated aspect of statistical validation,1.0,2012,2012,True,10.1111/j.2041-210x.2011.00170.x,Methods in Ecology and Evolution
john2025,verified,The problematic case of data leakage: A case for leave-profile-out cross-validation in 3-dimensional digital soil mapping,The problematic case of data leakage: A case for leave-profile-out cross-validation in 3-dimensional digital soil mapping,1.0,2025,2025,True,10.1016/j.geoderma.2025.117223,Geoderma
santos2018,verified,Cross-validation for imbalanced datasets: avoiding overoptimistic and overfitting approaches,Cross-Validation for Imbalanced Datasets: Avoiding Overoptimistic and Overfitting Approaches [Research Frontier],0.91,2018,2018,True,10.1109/mci.2018.2866730,IEEE Computational Intelligence Magazine
kapoor2023,verified,Leakage and the reproducibility crisis in machine-learning-based science,Leakage and the reproducibility crisis in machine-learning-based science,1.0,2023,2023,True,10.1016/j.patter.2023.100804,Patterns
chen2016,verified,XGBoost: A scalable tree boosting system,XGBoost: A Scalable Tree Boosting System,1.0,2016,2016,True,10.1145/2939672.2939785,Proceedings of the 22nd ACM SIGKDD International Conference on Knowledge Discovery and Data Mining
lundberg2017,"verified (manual): arXiv 1705.07874 abstract page: title, authors and NIPS 2017 confirmed",A unified approach to interpreting model predictions,,,2017,,,,
